sim,PU,PSWU,xt_opt,cost
1,38.56562167016713,85.32155798140143,0.04999999851731072,-6.4741382316587535
2,27.459624469131615,73.04511875559216,0.04999999851731072,-6.190431506420504
3,34.35583290445938,77.26583502242521,0.04999999851731072,-5.929158796395693
4,27.878422959808663,73.18941715123441,0.04999999851731072,-6.160161942656211
5,30.978731621512875,66.3571331171367,0.04999999851731072,-4.920292075157878
6,36.42185157528826,77.10317726245154,0.04999999851731072,-5.667394672544468
7,26.855802363956492,64.59250679301353,0.04999999851731072,-5.174049314761103
8,26.623258503698658,74.65762523576572,0.04999999851731072,-6.495256875821227
9,21.69917200162117,69.15964499551778,0.04999999851731072,-6.36240389110197
10,29.106119384720433,60.889517603671145,0.04999999851731072,-4.435610652237546
11,32.80460493626608,65.9124588401587,0.04999999851731072,-4.650263848089692
12,26.97300126032177,79.47734890260188,0.04999999851731072,-7.074169124829483
13,26.051590330449333,63.93244754037036,0.04999999851731072,-5.182936629922283
14,31.388916420979537,69.28361368168223,0.04999999851731072,-5.248739008295116
15,32.75751111547668,72.26087953954335,0.04999999851731072,-5.471986737848045
16,37.03459915978198,70.32537386951824,0.007110000129997521,-1.079436676359965e10
17,27.27976318868605,66.8797918791226,0.04999999851731072,-5.418707265543351
18,31.62727890383089,61.484472421045055,0.04999999851731072,-4.218195658150894
19,24.975025100802554,67.1205993631906,0.04999999851731072,-5.718348556558205
20,29.372887133437075,76.85379892642456,0.04999999851731072,-6.457080418671677
21,31.467250174027274,77.49090733434524,0.04999999851731072,-6.294839984561525
22,31.9053676186372,60.78057305862266,0.04999999851731072,-4.095274681383865
23,30.24606367805133,66.23886468691678,0.04999999851731072,-4.990498419572184
24,30.737183786086447,72.99704287284813,0.04999999851731072,-5.80216138086662
25,33.32689515750292,76.2891078813783,0.04999999851731072,-5.923529212466523
26,25.288805662652667,78.78246999610784,0.04999999851731072,-7.1811656602339555
27,26.83987427243724,59.82403721640849,0.04999999851731072,-4.562811737238402
28,33.541281629722896,68.90628704425399,0.04999999851731072,-4.9493083104453115
29,29.020996894355136,76.7389556914309,0.04999999851731072,-6.48333712774598
30,27.32596767527672,66.74557462326847,0.04999999851731072,-5.3960642143716155
31,29.540455822512648,74.54737957751205,0.04999999851731072,-6.141003436326423
32,35.716459356368304,72.97855813085853,0.04999999851731072,-5.219314446133803
33,24.156308906010167,66.99214912945595,0.04999999851731072,-5.797277069622445
34,30.675947939327305,67.15490918848643,0.04999999851731072,-5.058161894126709
35,31.892752865498498,74.79163324605234,0.04999999851731072,-5.898183415934685
36,28.895814566859194,68.656228381903,0.04999999851731072,-5.458713445912202
37,36.1928096951894,72.51246476304026,0.04999999851731072,-5.103856002435735
38,32.0484661459604,64.34876253898791,0.04999999851731072,-4.5373639705653135
39,34.464627014789905,77.00336557370007,0.04999999851731072,-5.882729503186246
40,21.67412915003721,63.561838282339764,0.04999999851731072,-5.64559887292187
41,30.913215902255065,70.05894647458328,0.04999999851731072,-5.403881408122083
42,38.21403868832115,72.33117104633511,0.007110000129997521,-1.113813456901278e10
43,32.05128025179848,63.749059875914554,0.04999999851731072,-4.459930591862054
44,32.336112370509625,70.69399562831678,0.04999999851731072,-5.31965394371211
45,30.90643609015939,65.27913510175182,0.04999999851731072,-4.790119105258594
46,25.896593016677375,67.62633420970874,0.04999999851731072,-5.675938327281573
47,28.2434234063357,78.24220305320192,0.04999999851731072,-6.767260904589648
48,15.91421541407975,57.10529205487701,0.04999999851731072,-5.486939036126051
49,29.661346220223223,76.10260991441203,0.04999999851731072,-6.326870340149634
50,36.09835757937161,59.69270105201122,0.007110000129997521,-1.0521483188382973e10
51,30.101643070812948,62.323503737430364,0.04999999851731072,-4.503926523745289
52,31.766708258780135,67.98865733774377,0.04999999851731072,-5.038201194234911
53,36.09517549409894,74.41370409130953,0.04999999851731072,-5.3596851736116715
54,18.654615599671427,53.71124008878001,0.04999999851731072,-4.7310886764804785
55,30.684140850409186,79.24625488793734,0.04999999851731072,-6.611822285751723
56,35.0670414743114,80.3169275373258,0.04999999851731072,-6.238534882941935
57,29.30641625970253,74.46182360338513,0.04999999851731072,-6.1572869751058175
58,27.457378297350036,66.74986291322566,0.04999999851731072,-5.381296080587374
59,30.440900147037862,68.54679308170996,0.04999999851731072,-5.264521223427215
60,18.69656018253908,73.91042892380706,0.04999999851731072,-7.3232606918064524
61,27.40882263583278,60.29960453536434,0.04999999851731072,-4.557630212467014
62,19.556009684983252,64.28445578912061,0.04999999851731072,-5.985432233336349
63,31.419826924821752,86.44135894935718,0.04999999851731072,-7.451151103339229
64,29.261246645561688,66.25158030269188,0.04999999851731072,-5.106940570534565
65,27.69042321221405,64.45506301640204,0.04999999851731072,-5.059080002151477
66,28.1554519469319,56.73941832190166,0.04999999851731072,-4.012847890220037
67,16.979497720377985,59.37646327330186,0.04999999851731072,-5.654761684152967
68,31.652593817524753,75.61737070127931,0.04999999851731072,-6.032347693860062
69,24.84206864954927,61.21106681651909,0.04999999851731072,-4.974044415849415
70,20.48570887528305,55.750478754467906,0.04999999851731072,-4.779815013438052
71,31.15771618566595,73.48374991253446,0.04999999851731072,-5.815714045149835
72,31.611753045317332,70.01223033493532,0.04999999851731072,-5.31644144728298
73,29.054560939637405,68.36500321602057,0.04999999851731072,-5.40276365809304
74,25.048318340746686,67.13951671455911,0.04999999851731072,-5.712236484105123
75,32.126327355515485,66.34344032878687,0.04999999851731072,-4.7847479915555695
76,25.91649715014359,71.61293017053052,0.04999999851731072,-6.186184881585308
77,27.682304069024262,75.22583639116985,0.04999999851731072,-6.4448526189849105
78,28.240509238874992,69.88644177911033,0.04999999851731072,-5.6932788547019735
79,29.125354934718242,64.2690474697495,0.04999999851731072,-4.8678830948162615
80,25.900101004750773,70.97078575368714,0.04999999851731072,-6.105534135603827
81,23.990745782692667,73.84376950290951,0.04999999851731072,-6.697508465876277
82,33.08637654285844,76.29467518386015,0.04999999851731072,-5.952284016027406
83,30.849143853864906,68.42103379431619,0.04999999851731072,-5.200760094690921
84,28.752665121826148,86.20682398999669,0.04999999851731072,-7.731926754290431
85,35.7122138814011,76.33894210653133,0.04999999851731072,-5.651862605765263
86,33.4585693724331,77.45082531341866,0.04999999851731072,-6.057543999421934
87,27.125704170549525,67.03049829899442,0.04999999851731072,-5.456043756844697
88,33.196775895183876,70.29717011005931,0.04999999851731072,-5.1682992677986865
89,31.291192607441868,72.46473862460003,0.04999999851731072,-5.669136820396066
90,29.921910095446073,64.75104448954382,0.04999999851731072,-4.836994476426273
91,29.66750883086732,78.98471057546033,0.04999999851731072,-6.696711034478268
92,25.86229738344189,72.17845613706633,0.04999999851731072,-6.265214473834272
93,26.17261655337511,71.48940179296154,0.04999999851731072,-6.140444821202085
94,31.08459385805991,75.91660675539615,0.04999999851731072,-6.137037124103342
95,29.672469430745846,73.27335717243676,0.04999999851731072,-5.961809305392857
96,34.438072640284524,68.3102726566255,0.04999999851731072,-4.768131764589123
97,30.91792885740609,78.09723099773316,0.04999999851731072,-6.436834955664956
98,29.458328901665045,72.60773017608663,0.04999999851731072,-5.901191842076468
99,27.80543980088707,60.78629114827007,0.04999999851731072,-4.573968222944457
100,30.9855857750174,73.24553698272078,0.04999999851731072,-5.805152886111494
101,32.10469864508821,71.52692944531698,0.04999999851731072,-5.453723970686497
102,28.22324785705205,63.56128180007985,0.04999999851731072,-4.882049008946679
103,34.09337434324587,68.24829991609779,0.04999999851731072,-4.800347752584811
104,23.18628323473926,55.921491311886946,0.04999999851731072,-4.48697697916376
105,32.15692881339015,76.33851046062085,0.04999999851731072,-6.066272500411044
106,29.240572787488908,73.25146845601375,0.04999999851731072,-6.009344344036188
107,29.99817553104867,76.56768473181535,0.04999999851731072,-6.347399570584514
108,32.85055501203297,78.28066098666801,0.04999999851731072,-6.235118760281507
109,31.576940980989914,72.33253772688961,0.04999999851731072,-5.618827647550663
110,26.844945976103865,75.38137735540181,0.04999999851731072,-6.562467834160746
111,31.814666471748627,78.4564729787976,0.04999999851731072,-6.378484409411568
112,29.006330085766038,61.25310923512992,0.04999999851731072,-4.493991729024513
113,29.90765214892911,70.85459693582149,0.04999999851731072,-5.62340610713684
114,33.06520829296753,71.4563384205396,0.04999999851731072,-5.332674317435348
115,34.982953788323734,75.87013399063748,0.04999999851731072,-5.676601880930436
116,29.975261493514353,66.52087255601644,0.04999999851731072,-5.058326275298443
117,28.449980154333527,67.28494381397483,0.04999999851731072,-5.334378006947332
118,28.54039559329673,68.99946195356065,0.04999999851731072,-5.544277641542173
119,29.39628050352257,65.19250089467798,0.04999999851731072,-4.955030122607772
120,28.590611431219816,71.88328605381217,0.04999999851731072,-5.9092043183543765
121,29.676448937756017,68.58052304884762,0.04999999851731072,-5.357975599825637
122,38.71105508797971,72.0914559217686,0.007110000129997521,-1.128299849582483e10
123,30.373179550159584,75.10986371088326,0.04999999851731072,-6.116246821258974
124,32.29320575257699,67.4329337359324,0.04999999851731072,-4.905372742272295
125,33.798736481326,66.37747874778934,0.04999999851731072,-4.594159525040331
126,29.618081942752596,71.05336587219273,0.04999999851731072,-5.682719643160874
127,29.491482995690475,75.67281908349695,0.04999999851731072,-6.291413213963818
128,27.441802320823726,70.9847023986914,0.04999999851731072,-5.927596119060423
129,23.69875832247602,73.16133538532358,0.04999999851731072,-6.643805249586114
130,20.48392431472194,62.24728972414913,0.04999999851731072,-5.615334793510383
131,31.995330802503,68.67200150412944,0.04999999851731072,-5.099408326204078
132,30.65600932608248,74.10628834548993,0.04999999851731072,-5.954243028044999
133,32.093414096006086,69.36640734237317,0.04999999851731072,-5.177255593990536
134,29.923502137844245,71.83131928048924,0.04999999851731072,-5.747138069562057
135,33.557469103583756,72.85480769206309,0.04999999851731072,-5.45509270155711
136,31.421374651723884,66.23455953776333,0.04999999851731072,-4.852930362244356
137,30.969979800582927,80.15906067324705,0.04999999851731072,-6.6958617579179975
138,39.276119444344715,80.9875208677009,0.04999999851731072,-5.834072019078048
139,28.162689137794832,63.37542344135589,0.04999999851731072,-4.865212490030942
140,26.066097195470622,73.89336202844547,0.04999999851731072,-6.461945923115195
141,27.70055465355294,73.0741147594835,0.04999999851731072,-6.166072616617802
142,30.51699827355577,68.70729076318362,0.04999999851731072,-5.276285513142996
143,29.329303132159726,63.60123449230798,0.04999999851731072,-4.7582449360133285
144,31.386391681689172,66.60111398519076,0.04999999851731072,-4.904137431651824
145,35.615876785580255,71.19819791528653,0.04999999851731072,-5.002134582402641
146,28.22169881241023,68.19049423453913,0.04999999851731072,-5.477419373225609
147,21.056337324924375,67.66690824214834,0.04999999851731072,-6.245418782500439
148,36.46972383419241,68.87339894426805,0.007110000129997521,-1.0629724198857098e10
149,29.347183494634553,76.86918372554928,0.04999999851731072,-6.462054941759626
150,27.57812438451667,66.42534870032488,0.04999999851731072,-5.325496203328061
151,30.10419381848529,77.5834494240822,0.04999999851731072,-6.465639735127309
152,29.148937417197594,75.5954433403444,0.04999999851731072,-6.321397840159424
153,29.625623493340612,72.73286413122952,0.04999999851731072,-5.897777892250581
154,28.578135458612707,75.26619008471597,0.04999999851731072,-6.345607428428465
155,28.220313789922002,57.98699804684204,0.04999999851731072,-4.1656910168709835
156,29.38208646150638,68.31078578319386,0.04999999851731072,-5.35761075494762
157,30.561539581928496,72.74573953453418,0.04999999851731072,-5.790326782669009
158,36.91109236931986,67.03010839766951,0.007110000129997521,-1.0758368610011179e10
159,26.973748646751986,55.419479234676274,0.04999999851731072,-3.980899650915396
160,31.521367304523807,78.7716781427733,0.04999999851731072,-6.453203163556609
161,28.98050808514454,74.03194660258848,0.04999999851731072,-6.140010062578753
162,32.63680233351661,66.58300974810928,0.04999999851731072,-4.756040275281332
163,24.711026124563222,73.37097587468686,0.04999999851731072,-6.552751860981716
164,27.9759304906408,65.1292349229205,0.04999999851731072,-5.112476366496107
165,32.48790615966983,62.686510513492,0.04999999851731072,-4.2724152280704
166,37.49715950272249,70.28448940406263,0.007110000129997521,-1.0929187882959156e10
167,32.34256897660693,67.23226388366399,0.04999999851731072,-4.873817472449691
168,35.26435207031709,63.96760631674243,0.007110000129997521,-1.027839801052691e10
169,28.874365487932305,71.62348248059159,0.04999999851731072,-5.84272143243885
170,28.380541584013848,74.41093141720687,0.04999999851731072,-6.258679568468102
171,30.37994915463952,73.8699795909095,0.04999999851731072,-5.956042540494137
172,38.207774629526696,77.85019071441695,0.04999999851731072,-5.55524210192578
173,25.585071643735024,65.04404287261659,0.04999999851731072,-5.380242778795419
174,28.617211898825165,66.40231377769898,0.04999999851731072,-5.201400568391177
175,20.098192755391857,64.81162842768995,0.04999999851731072,-5.99000596211676
176,30.508831934775298,78.12204962848095,0.04999999851731072,-6.487717349422832
177,33.18233054802546,69.82349582054016,0.04999999851731072,-5.109081741838758
178,31.60497702666218,69.23323283181695,0.04999999851731072,-5.217073659053042
179,31.700752413487486,64.73776489087787,0.04999999851731072,-4.627914520406679
180,33.19380981982459,77.86178761071561,0.04999999851731072,-6.141247425065341
181,30.88338512022566,69.90299675877856,0.04999999851731072,-5.387308141823635
182,31.203601176777276,66.04275796894633,0.04999999851731072,-4.853657374962054
183,35.43482820459059,69.31879856058279,0.04999999851731072,-4.781601508151766
184,26.238379858593024,60.63528189513882,0.04999999851731072,-4.737236128482488
185,28.552951567483472,71.29614635690454,0.04999999851731072,-5.83810453709205
186,26.867370950149592,61.53583731224871,0.04999999851731072,-4.7796968027414195
187,25.167400993861094,62.43277694408406,0.04999999851731072,-5.09319648424302
188,26.796538218188548,70.48358713419994,0.04999999851731072,-5.938389558380134
189,32.62888197748283,77.88189626649685,0.04999999851731072,-6.2096905868702965
190,31.968308449684628,72.29128362374533,0.04999999851731072,-5.567898953886385
191,30.121252594799675,66.85267402320798,0.04999999851731072,-5.083967603010597
192,38.24483566164881,80.98517101810808,0.04999999851731072,-5.9539941307356345
193,33.14490180101728,75.16842653346473,0.04999999851731072,-5.800656608332943
194,28.652556424849468,71.48966183704532,0.04999999851731072,-5.851373660052897
195,32.367894268899526,76.11564042105688,0.04999999851731072,-6.013023749867387
196,29.33503442317302,62.429596500869586,0.04999999851731072,-4.60693627973228
197,30.11509163934482,70.22788450317702,0.04999999851731072,-5.5186453460024785
198,39.64083862600243,77.97977326513357,0.04999999851731072,-5.404840190243299
199,19.53347990062316,56.97093488056255,0.04999999851731072,-5.047740449937294
200,33.81033539270815,78.08321339344538,0.04999999851731072,-6.0978438468496385
201,25.644962399187385,62.79761764869502,0.04999999851731072,-5.084432194304364
202,35.515978734684374,73.80336519492673,0.04999999851731072,-5.348733499042445
203,34.37637103382988,77.71899342778755,0.04999999851731072,-5.985028262364197
204,34.42489218651047,79.84064491718581,0.04999999851731072,-6.252158002806996
205,31.64405283367092,67.06887809841847,0.04999999851731072,-4.9342416388396355
206,31.39789699666243,77.29557536445243,0.04999999851731072,-6.277810652857635
207,25.015692978201,71.31942939000344,0.04999999851731072,-6.253462011674168
208,34.32672411876912,80.25149460828624,0.04999999851731072,-6.316426171502154
209,30.218011784302046,73.94077450714326,0.04999999851731072,-5.9840230404047805
210,29.09693431391338,66.39041363993991,0.04999999851731072,-5.143945812180892
211,28.759613001400226,73.03399356683218,0.04999999851731072,-6.037452010822299
212,32.12098920652643,72.31695449990582,0.04999999851731072,-5.5534004203180185
213,31.21829575860758,72.8583428792675,0.04999999851731072,-5.7282416493928565
214,31.19590831772293,73.63839168575149,0.04999999851731072,-5.831144402618927
215,26.82666530267561,58.30757056807785,0.04999999851731072,-4.36937557497643
216,28.374136894962202,71.6790105113309,0.04999999851731072,-5.9081760933955945
217,32.12446819159011,73.9578145325847,0.04999999851731072,-5.763964455759625
218,32.5866896930818,80.56292412556765,0.04999999851731072,-6.559315913687147
219,23.423362596734556,73.12962648217679,0.04999999851731072,-6.6718332333138495
220,39.066959827659694,68.9188763176747,0.007110000129997521,-1.1386733027584318e10
221,27.833465165315403,64.0676019342858,0.04999999851731072,-4.9925876926199315
222,28.17693117136211,59.75778988646449,0.04999999851731072,-4.398423717169547
223,30.893453504499046,83.37939289409073,0.04999999851731072,-7.118829402344989
224,32.30557037224203,63.44510825441567,0.04999999851731072,-4.391206302491771
225,35.1760012470785,78.84075938748653,0.04999999851731072,-6.036037905269544
226,31.775529667223424,82.77546745386512,0.04999999851731072,-6.938351128699894
227,31.02466843051123,71.70403444101358,0.04999999851731072,-5.6024017800695365
228,32.73952905973464,72.02988629789462,0.04999999851731072,-5.444383639855822
229,30.670947264797626,74.43412254011398,0.04999999851731072,-5.994652091925544
230,29.723551666218327,70.44949229224017,0.04999999851731072,-5.592782688270546
231,35.00729831536185,71.15825108945411,0.04999999851731072,-5.067944926664484
232,30.290047654528262,68.68566084002795,0.04999999851731072,-5.299961779509694
233,33.134728749459704,59.94168924460624,0.007110000129997521,-9.657682903098291e9
234,31.006262974071177,71.60324187404817,0.04999999851731072,-5.591588277487078
235,27.59980641091856,71.39418376665976,0.04999999851731072,-5.961824510620602
236,20.973099662651084,72.23895633548408,0.04999999851731072,-6.8429624152542745
237,27.973143342228894,72.86608574890079,0.04999999851731072,-6.107548147756068
238,30.67262943148787,66.6193867428186,0.04999999851731072,-4.9896952547890105
239,36.71702772161718,75.80270767769619,0.04999999851731072,-5.465779117856071
240,32.24409093733058,79.27230007523131,0.04999999851731072,-6.433316275461001
241,29.089717720953086,66.52943615403292,0.04999999851731072,-5.162661585976037
242,31.334552413217484,64.78174495771125,0.04999999851731072,-4.67625974373718
243,30.810006680787172,73.34269476257182,0.04999999851731072,-5.838113242180049
244,30.745279240858892,79.37951342207181,0.04999999851731072,-6.621828333091724
245,29.342549949743724,65.77950848991107,0.04999999851731072,-5.036766963699969
246,25.73014606444744,68.55044430093552,0.04999999851731072,-5.814157474543304
247,23.495140161063727,61.7924066345284,0.04999999851731072,-5.205810008337259
248,33.00489978302564,68.45850103234118,0.04999999851731072,-4.9542652342169005
249,29.739787568825204,65.20721912443489,0.04999999851731072,-4.916877370830451
250,27.48297855504174,61.83027619198585,0.04999999851731072,-4.745787720893633
251,29.003975344815196,67.0147236680558,0.04999999851731072,-5.235051864447545
252,31.927380395774552,69.2849654411682,0.04999999851731072,-5.1861401525979876
253,25.81432202434254,71.2317061818203,0.04999999851731072,-6.1490812264514325
254,27.23878966155119,78.60139237674115,0.04999999851731072,-6.93056025170023
255,28.614426231533784,61.118913273917364,0.04999999851731072,-4.522424885805512
256,25.42999484808359,77.9110984341024,0.04999999851731072,-7.052671722933049
257,34.72377155914455,78.46073322741532,0.04999999851731072,-6.039896659828285
258,34.69461021750626,70.76042898350596,0.04999999851731072,-5.05324823431228
259,31.01092137097575,60.78152834643889,0.04999999851731072,-4.1996695981542835
260,30.068084739589377,72.70985309413267,0.04999999851731072,-5.843238384034028
261,20.738814044417783,62.22616767024365,0.04999999851731072,-5.5829047302263035
262,29.487776744312537,57.78199039708753,0.04999999851731072,-3.991575296017991
263,29.251287755052335,60.69725336060143,0.04999999851731072,-4.393967411797357
264,28.34490609362456,74.73758708980468,0.04999999851731072,-6.304832818536589
265,31.49501855497603,65.7860656859639,0.04999999851731072,-4.7866811466331685
266,27.51043004218952,73.74717426296063,0.04999999851731072,-6.274773819012136
267,31.008222805172927,75.47993733093898,0.04999999851731072,-6.089796538185724
268,34.740551572517944,72.25062695893568,0.04999999851731072,-5.239491113763129
269,22.68871508023006,60.20860145440439,0.04999999851731072,-5.096186918362992
270,30.835406341973123,62.76470646076862,0.04999999851731072,-4.475112983905044
271,32.15086674210125,78.33416042496229,0.04999999851731072,-6.323565062537492
272,39.95124603573005,72.46507025818019,0.007110000129997521,-1.1644473346722958e10
273,30.101575645025488,70.93830340572023,0.04999999851731072,-5.61156139397683
274,29.76168517773694,68.1342699925737,0.04999999851731072,-5.290663086218708
275,35.664816857932415,80.64065628036893,0.04999999851731072,-6.210470505853691
276,35.44093922812448,74.30849251388292,0.04999999851731072,-5.422426921187053
277,31.763093510832103,75.45729447261392,0.04999999851731072,-5.99888452882341
278,32.62235702126361,66.29972473695507,0.04999999851731072,-4.721301585763404
279,28.070984177504464,67.19622579553247,0.04999999851731072,-5.367153615129901
280,31.933591493728926,67.47348330515645,0.04999999851731072,-4.952509149986927
281,30.446506063426405,67.74582461343864,0.04999999851731072,-5.160885119483581
282,28.548423632979624,72.3730372086453,0.04999999851731072,-5.977091025275403
283,31.182462032294545,72.09384700938473,0.04999999851731072,-5.634125841492618
284,29.02413354414446,76.49429188425891,0.04999999851731072,-6.451514409059728
285,31.40170164215478,70.93247096462117,0.04999999851731072,-5.459246375317937
286,32.72265942752504,71.7480426001199,0.04999999851731072,-5.410112884294473
287,34.913440762189474,66.45788741881843,0.007110000129997521,-1.0176118902194057e10
288,21.920219122749803,54.624069858883146,0.04999999851731072,-4.467758442470707
289,26.572846647692938,65.1668305990868,0.04999999851731072,-5.280877809783337
290,31.969621591836365,64.70142366579454,0.04999999851731072,-4.591898003212654
291,28.99476662650071,62.318855529502066,0.04999999851731072,-4.63236551492726
292,30.037040802476124,61.868736367346244,0.04999999851731072,-4.452987065627127
293,31.865183760079947,64.66333578189736,0.04999999851731072,-4.599176022043605
294,32.63211585773409,69.08525945084214,0.04999999851731072,-5.078307309079263
295,28.495447579495327,69.38213952379192,0.04999999851731072,-5.5987193999283225
296,23.58383959720414,69.55370201701979,0.04999999851731072,-6.1933594338949725
297,28.213141956266792,73.95262579725593,0.04999999851731072,-6.219269022956101
298,30.678937179922492,74.29266631558188,0.04999999851731072,-5.975533257923788
299,34.09884437791952,70.39165507378884,0.04999999851731072,-5.075286771017227
300,33.42878491758999,70.79625915348205,0.04999999851731072,-5.205421457029356
301,28.79264112475557,62.05797519745137,0.04999999851731072,-4.622386695066331
302,35.154036850722115,72.82706924160915,0.04999999851731072,-5.265402803756212
303,24.191555454845176,72.82697895175097,0.04999999851731072,-6.5433672411272585
304,26.76822284080285,76.12714148008233,0.04999999851731072,-6.667296823817491
305,27.362785426203732,74.70994658735445,0.04999999851731072,-6.415771944452775
306,24.129540228167016,69.36216104512553,0.04999999851731072,-6.105116232727287
307,28.351683768068373,61.63811782320286,0.04999999851731072,-4.61981015020537
308,32.814298180935836,63.0882742124505,0.04999999851731072,-4.28602113535562
309,22.117878843752166,64.04018125372967,0.04999999851731072,-5.655369538834586
310,33.460150209581656,71.26492383893583,0.04999999851731072,-5.262022404463945
311,31.995392717073702,76.55969805974127,0.04999999851731072,-6.113542595979692
312,34.90755472552857,76.10512763270485,0.04999999851731072,-5.715605435674922
313,31.98732950335713,74.33693518650075,0.04999999851731072,-5.828696228483864
314,24.579483692349882,77.94409164057814,0.04999999851731072,-7.1560640048838255
315,25.83371471010684,73.49736587994038,0.04999999851731072,-6.438122190537061
316,28.78993496857577,68.58421755598872,0.04999999851731072,-5.4617979817962645
317,30.330994715855088,67.88369617354654,0.04999999851731072,-5.192077617943724
318,27.462290138288115,57.088268923825325,0.04999999851731072,-4.1385074162843605
319,33.25935184691534,60.95583874949843,0.007110000129997521,-9.694006431601088e9
320,29.63257703131581,64.68539198270575,0.04999999851731072,-4.862283020214723
321,33.46456876199638,74.09026825111168,0.04999999851731072,-5.624769119037305
322,32.35520045044144,70.5053393983772,0.04999999851731072,-5.293172689645302
323,28.652959231527497,67.81001418586749,0.04999999851731072,-5.378224914058912
324,27.15739608804189,73.45514664939608,0.04999999851731072,-6.278382806764497
325,34.5894020352278,73.82136571632151,0.04999999851731072,-5.459065645491131
326,26.60859708766049,69.24627832962382,0.04999999851731072,-5.80121523657699
327,25.272093861235856,74.00437083217366,0.04999999851731072,-6.568781344587414
328,26.76645363214803,70.25453640450668,0.04999999851731072,-5.912447093983275
329,25.14205722418546,67.91222840742181,0.04999999851731072,-5.800658196984131
330,31.44655139475413,74.35847495848208,0.04999999851731072,-5.89450808279542
331,30.50975769005658,74.96786718330657,0.04999999851731072,-6.082068056162939
332,27.791182060944763,80.90521854215125,0.04999999851731072,-7.162372730607687
333,20.898469899724084,75.91921761142751,0.04999999851731072,-7.324843231759644
334,28.59290671961214,73.42593583456333,0.04999999851731072,-6.107279200547683
335,25.45975829756779,68.510337775325,0.04999999851731072,-5.84052194017106
336,32.76924396893537,75.23988174382254,0.04999999851731072,-5.8536369498416825
337,28.58196402587715,75.12010695885893,0.04999999851731072,-6.326378820323445
338,21.13805881597235,66.42231370545842,0.04999999851731072,-6.075871185727548
339,33.03180504740923,59.19814136195522,0.007110000129997521,-9.627684033360044e9
340,31.01529159926594,77.36532000352075,0.04999999851731072,-6.331380989933785
341,32.56570254834055,67.63003576144698,0.04999999851731072,-4.898947728131351
342,29.922912509313804,72.76520963393628,0.04999999851731072,-5.867279497977915
343,33.67189092545058,67.94912467849042,0.04999999851731072,-4.811017402815587
344,30.004156797711154,67.07070601853057,0.04999999851731072,-5.125651246134378
345,28.397173129148307,78.28647763269379,0.04999999851731072,-6.755029680011255
346,36.21710517039517,79.7580297526145,0.04999999851731072,-6.032604678679475
347,23.597079674370445,71.71459593144,0.04999999851731072,-6.469647645245005
348,40.561229997918765,70.28568626603672,0.007110000129997521,-1.1822263607701775e10
349,35.02843398669777,75.28357334138686,0.04999999851731072,-5.595884308664631
350,32.5730632005772,70.7245136363993,0.04999999851731072,-5.295954644141277
351,30.547713563104168,63.72649710727014,0.04999999851731072,-4.6323113236129885
352,27.886821368353274,71.19313000581073,0.04999999851731072,-5.902515092718618
353,21.27010432688696,64.83734745009852,0.04999999851731072,-5.856694482947686
354,24.64065188786855,63.36104661667391,0.04999999851731072,-5.273953477538997
355,30.587734177481643,59.00029936699705,0.04999999851731072,-4.01998639825622
356,31.91739336723888,64.4838036925278,0.04999999851731072,-4.570006665362065
357,31.655149548675116,75.36624870610399,0.04999999851731072,-5.999762351190638
358,35.59214767548293,67.8902193150778,0.04999999851731072,-4.579585517524137
359,33.03419026011633,84.23833607220459,0.04999999851731072,-6.979704716081288
360,32.68627053396295,70.17922814596673,0.04999999851731072,-5.212648481647397
361,31.67402907193624,68.17351802049387,0.04999999851731072,-5.072773494630497
362,20.712997135174938,53.13506427020764,0.04999999851731072,-4.417047785732301
363,29.83068780075353,70.54090472138655,0.04999999851731072,-5.592046182994932
364,25.661658362163696,71.22295718433828,0.04999999851731072,-6.165753456752075
365,22.276220838831293,63.265857892868574,0.04999999851731072,-5.537353711477233
366,35.73633518866521,75.50994048060588,0.04999999851731072,-5.542463732907901
367,28.04673767364482,74.32859770855549,0.04999999851731072,-6.287007656534012
368,27.42952091609946,73.23336824320067,0.04999999851731072,-6.218144618250756
369,32.851946869750684,76.66388681156808,0.04999999851731072,-6.02708367615711
370,29.85732916800055,69.13924515721672,0.04999999851731072,-5.408725420510943
371,30.391341411422612,65.81236502577721,0.04999999851731072,-4.918726178121368
372,23.705793630489616,61.667447711555525,0.04999999851731072,-5.165186313037934
373,28.890380479145755,70.59215740436083,0.04999999851731072,-5.708254323922635
374,30.306052118099444,76.22912776892812,0.04999999851731072,-6.267979019767689
375,32.456045683162735,62.50691981148132,0.04999999851731072,-4.25303899542936
376,21.84278545966286,61.39636403358062,0.04999999851731072,-5.347516773760477
377,38.08110274831501,74.9249144493936,0.04999999851731072,-5.193898849441191
378,32.96424116739807,60.202681227179355,0.007110000129997521,-9.607991381963636e9
379,27.829881577343038,78.21881268835389,0.04999999851731072,-6.81246311846391
380,31.564582251703147,63.80593444284191,0.04999999851731072,-4.523981021002778
381,30.45269404868954,68.74902815798285,0.04999999851731072,-5.289148207982679
382,32.138343666785055,69.49686283283918,0.04999999851731072,-5.188790826565719
383,28.561502257017995,59.98981936772355,0.04999999851731072,-4.383424102432537
384,35.51330267600189,66.54898981762362,0.007110000129997521,-1.0350958911021408e10
385,32.99798409159364,62.206341182123474,0.007110000129997521,-9.617826326874725e9
386,33.60687462654199,75.32125816395933,0.04999999851731072,-5.766451038912158
387,37.51234692130618,73.34232450645015,0.04999999851731072,-5.056725175199507
388,26.27805419244217,68.95813461937792,0.04999999851731072,-5.802701641766093
389,29.149905691016748,72.80583117390586,0.04999999851731072,-5.962617331126273
390,28.847073075522424,67.0728523628474,0.04999999851731072,-5.260816857318016
391,29.626411881763314,83.70419440648433,0.04999999851731072,-7.308298211361971
392,35.51853277199575,64.7639364091933,0.007110000129997521,-1.0352483318289135e10
393,25.27117220551396,65.86687026385532,0.04999999851731072,-5.522629354950535
394,23.870864801752624,65.83014465924869,0.04999999851731072,-5.6811514498293665
395,26.679408121061066,71.38774816107995,0.04999999851731072,-6.068294579142754
396,27.06008294152901,69.55131313452532,0.04999999851731072,-5.787801364227493
397,22.15220565139201,56.19321771894569,0.04999999851731072,-4.642463475575302
398,27.189809900805447,69.69324495987524,0.04999999851731072,-5.790926691551325
399,24.201611090817547,65.70997617409769,0.04999999851731072,-5.6271435815910635
400,29.525392682494697,70.52174039140459,0.04999999851731072,-5.625172644106909
401,33.28782526669981,66.56462709244164,0.04999999851731072,-4.677782299954808
402,32.51115688911128,72.94832199934429,0.04999999851731072,-5.589092288488171
403,31.486584188125953,76.54350550541363,0.04999999851731072,-6.170776181784338
404,31.862259020418257,61.295014805797805,0.04999999851731072,-4.1664432657751895
405,33.682368489908136,68.00515755778873,0.04999999851731072,-4.817000248851173
406,34.80011524148732,70.26887482178921,0.04999999851731072,-4.977748361445878
407,22.645953475084625,70.20227528646679,0.04999999851731072,-6.386084366243011
408,27.90366293333021,74.13373957692667,0.04999999851731072,-6.278633505264354
409,25.41971972612749,56.505939326874696,0.04999999851731072,-4.301753060668016
410,24.212938015340413,61.984538293121105,0.04999999851731072,-5.146833963935679
411,33.017229884507024,65.2516311409768,0.04999999851731072,-4.5405122926911385
412,27.048953926158504,82.3161341664217,0.04999999851731072,-7.430304713407226
413,31.144320856448914,73.78259759169241,0.04999999851731072,-5.855699252732219
414,37.02327932022079,69.13370776724103,0.007110000129997521,-1.0791067407113852e10
415,26.453350541653123,75.79963090551763,0.04999999851731072,-6.661894894583119
416,30.199729321207418,79.06392568087175,0.04999999851731072,-6.644851118279164
417,29.502695287670033,77.89777342437324,0.04999999851731072,-6.57617423318905
418,28.277579150038246,68.53702098843058,0.04999999851731072,-5.515458834965649
419,31.826354752385498,68.03064536593013,0.04999999851731072,-5.036646278495768
420,30.594489480361688,71.11559619431027,0.04999999851731072,-5.576893840583081
421,22.285283430525954,71.17506125493755,0.04999999851731072,-6.5532038925434986
422,28.83966365102695,71.7169059235515,0.04999999851731072,-5.858778570498872
423,38.6642593424282,71.84084661456849,0.007110000129997521,-1.1269359076727682e10
424,31.494650012720662,84.5645629117679,0.04999999851731072,-7.2011239261605
425,28.100753266337936,58.08325506302315,0.04999999851731072,-4.192005067945045
426,37.568098428913586,70.64530832661343,0.007110000129997521,-1.0949864244376484e10
427,31.767521561800194,70.68949460422853,0.04999999851731072,-5.385359994094107
428,31.06890031482964,63.40187020516488,0.04999999851731072,-4.529814682063419
429,25.72870780258218,68.85993605401418,0.04999999851731072,-5.854117296007555
430,29.59766020571009,68.2671446844594,0.04999999851731072,-5.326868709866783
431,36.412711896901534,82.52969414578183,0.04999999851731072,-6.366161421255337
432,30.89017809340861,72.48014535696518,0.04999999851731072,-5.717866877056542
433,32.17544459023236,68.39827930239177,0.04999999851731072,-5.043217984930467
434,25.812436826019606,72.13600354930745,0.04999999851731072,-6.265568842322373
435,20.620740820380025,59.284786915183915,0.04999999851731072,-5.21848847403136
436,25.182364755611786,69.99919464581903,0.04999999851731072,-6.064285886718678
437,30.5587024255643,67.57886363879408,0.04999999851731072,-5.126338971897686
438,30.792318723198196,81.8893269295331,0.04999999851731072,-6.9390377942904795
439,37.93942404868803,68.04064857745577,0.007110000129997521,-1.1058093453221453e10
440,26.65832289106778,56.86939580560861,0.04999999851731072,-4.204090634001801
441,33.44462946378055,78.32233329268855,0.04999999851731072,-6.171221104192545
442,29.79971728396784,71.51828313826454,0.04999999851731072,-5.72132070459213
443,26.85971679306032,60.30559636855698,0.04999999851731072,-4.622413852625369
444,23.982767500878147,60.363172001007996,0.04999999851731072,-4.965203366399493
445,30.52585860088575,72.30502730586404,0.04999999851731072,-5.737822865894694
446,30.047287832853325,71.85331691785579,0.04999999851731072,-5.735535765350988
447,40.099761507729916,76.15828623171721,0.007110000129997521,-1.168776070663464e10
448,37.65249041270648,62.56182741147017,0.007110000129997521,-1.09744617596065e10
449,25.590995773795928,66.96147619528736,0.04999999851731072,-5.626081507077037
450,27.39637517931458,70.12212390128228,0.04999999851731072,-5.821987948855
451,26.23808036292486,62.6663952189857,0.04999999851731072,-4.998416520918845
452,32.05836687600304,72.67924948727658,0.04999999851731072,-5.607281960880912
453,26.151963453241496,73.16720360007973,0.04999999851731072,-6.358571808227204
454,31.955577549773906,76.88424091829135,0.04999999851731072,-6.159911451380127
455,34.0070121906717,64.3832373082123,0.007110000129997521,-9.911924807451914e9
456,27.39856718976609,77.05109331766883,0.04999999851731072,-6.7126078771529265
457,31.842124289000687,56.2153787334718,0.007110000129997521,-9.280931249926289e9
458,33.39506727436935,68.12182240858854,0.04999999851731072,-4.8654929381444285
459,29.033342973389708,67.32171785562207,0.04999999851731072,-5.271099301167316
460,28.78052821676966,80.15911234799661,0.04999999851731072,-6.951108668864531
461,29.230140968977942,74.9943081622477,0.04999999851731072,-6.234641852468451
462,29.093852352757164,82.42931027296653,0.04999999851731072,-7.206467401324932
463,30.51672710104701,74.58618277901718,0.04999999851731072,-6.0321814331452845
464,28.807295186507936,72.8856007820759,0.04999999851731072,-6.012814109298053
465,22.562302407766353,75.46510451668232,0.04999999851731072,-7.072491704837155
466,32.09217727614483,67.31974589182711,0.04999999851731072,-4.914255238262886
467,26.297566738521237,64.21640490555679,0.04999999851731072,-5.190770504929411
468,28.39611717743631,72.72634062909003,0.04999999851731072,-6.040271626469048
469,25.021075333163367,68.17558660613443,0.04999999851731072,-5.848622577152442
470,34.10190756355752,66.4256882680248,0.04999999851731072,-4.565015093244052
471,26.107976122593925,58.21407871488384,0.04999999851731072,-4.441137901858998
472,32.16672298969817,75.93971345307114,0.04999999851731072,-6.013856362459352
473,31.83886091253482,68.74322907061928,0.04999999851731072,-5.126807069192229
474,36.658957423916654,68.57040819707656,0.007110000129997521,-1.068487956452989e10
475,26.223586130504618,72.46901736850658,0.04999999851731072,-6.260454628408969
476,24.580070497891402,61.130893281905266,0.04999999851731072,-4.994279324444738
477,27.120112632242336,68.59758338415749,0.04999999851731072,-5.658179773790383
478,23.862647483344954,71.4417411392588,0.04999999851731072,-6.403606833384825
479,26.88380513317163,71.39113829820533,0.04999999851731072,-6.044902414149957
480,26.398375025649607,59.37690204338975,0.04999999851731072,-4.556791187506524
481,27.412723870135896,75.10671295854067,0.04999999851731072,-6.460963533038019
482,30.71666583172331,67.54826325919963,0.04999999851731072,-5.103989661075869
483,34.58938469634596,70.03764151833258,0.04999999851731072,-4.972584488890594
484,26.974737438421016,63.97684834676958,0.04999999851731072,-5.0810273954927645
485,29.461458832576465,61.37326081702283,0.04999999851731072,-4.456382265422098
486,28.891887421144563,64.11577753337116,0.04999999851731072,-4.875393786909876
487,27.431063421426593,62.38564458921844,0.04999999851731072,-4.82324499199629
488,29.172636328884042,75.09701199598258,0.04999999851731072,-6.254550482624158
489,34.11132395376676,63.567490731970906,0.007110000129997521,-9.942328256886627e9
490,31.321980142532983,76.77524125475828,0.04999999851731072,-6.219760133350871
491,24.762243216368653,65.9345997879472,0.04999999851731072,-5.590667061722649
492,28.679222895190346,63.14901462701127,0.04999999851731072,-4.775886434648511
493,35.28177146380276,58.14932955883972,0.007110000129997521,-1.0283475211343864e10
494,27.741407205424128,78.45650497827286,0.04999999851731072,-6.853337929036145
495,25.13278832877254,66.41424072047698,0.04999999851731072,-5.60913859937005
496,24.352063810162964,66.92432978203298,0.04999999851731072,-5.765736790828397
497,30.40658165527347,66.57972424451519,0.04999999851731072,-5.01561086593167
498,30.833058423114927,68.4378962523837,0.04999999851731072,-5.2048033398570155
499,39.579044888253115,73.13692427292088,0.007110000129997521,-1.1535988957274925e10
500,33.2780580633592,66.83320791978049,0.04999999851731072,-4.713453063369773
